Linux 4.4.0-53-generic (diptprisrv08) 	12/20/2016 	_x86_64_	(12 CPU)

10:06:55 PM     CPU     %user     %nice   %system   %iowait    %steal     %idle
10:06:56 PM     all      1.51      0.00      0.17      0.00      0.00     98.33
10:06:57 PM     all      0.33      0.00      0.25      0.00      0.00     99.42
10:06:58 PM     all      3.17      0.00      0.42      0.17      0.00     96.24
10:06:59 PM     all     74.48      0.00      7.20      0.00      0.00     18.33
10:07:00 PM     all     61.87      0.00     10.07      0.00      0.00     28.06
10:07:01 PM     all     65.49      0.00     12.59      0.00      0.00     21.91
10:07:02 PM     all     71.00      0.00      9.72      0.00      0.00     19.28
10:07:03 PM     all     70.77      0.00      7.79      0.00      0.00     21.44
10:07:04 PM     all     69.61      0.00      8.90      1.51      0.00     19.98
10:07:05 PM     all     69.66      0.00     10.56      0.00      0.00     19.78
10:07:06 PM     all     70.88      0.00      9.62      0.00      0.00     19.50
10:07:07 PM     all     70.30      0.00      8.98      0.92      0.00     19.80
10:07:08 PM     all     73.03      0.00      9.63      0.00      0.00     17.34
10:07:09 PM     all     70.62      0.00      9.18      0.00      0.00     20.20
10:07:10 PM     all     73.11      0.00      8.91      1.34      0.00     16.64
10:07:11 PM     all     72.16      0.00     10.85      0.34      0.00     16.65
10:07:12 PM     all     70.68      0.00      9.11      2.59      0.00     17.63
10:07:13 PM     all     71.62      0.00      8.68      0.00      0.00     19.70
10:07:14 PM     all     70.00      0.00     10.17      1.76      0.00     18.07
10:07:15 PM     all     72.32      0.00     10.57      0.76      0.00     16.36
10:07:16 PM     all     71.86      0.00      8.79      0.00      0.00     19.35
10:07:17 PM     all     70.41      0.00      8.72      0.75      0.00     20.12
10:07:18 PM     all     71.05      0.00     10.04      1.34      0.00     17.57
10:07:19 PM     all     71.80      0.00     11.55      0.25      0.00     16.40
10:07:20 PM     all     71.22      0.00      9.73      0.25      0.00     18.79
10:07:21 PM     all     71.63      0.00      9.51      2.10      0.00     16.75
10:07:22 PM     all     72.76      0.00      8.72      0.00      0.00     18.52
10:07:23 PM     all     69.92      0.00      9.33      1.01      0.00     19.75
10:07:24 PM     all     74.26      0.00      9.59      0.93      0.00     15.22
10:07:25 PM     all     71.01      0.00      9.75      1.43      0.00     17.82
10:07:26 PM     all     71.72      0.00      8.62      0.00      0.00     19.67
10:07:27 PM     all     56.53      0.00      6.11      1.84      0.00     35.51
10:07:28 PM     all     20.02      0.00      0.17      0.17      0.00     79.65
10:07:29 PM     all      2.68      0.00      1.51      6.19      0.00     89.63
10:07:30 PM     all     14.01      0.00      2.43      5.79      0.00     77.77
10:07:31 PM     all     69.61      0.00     10.92      0.25      0.00     19.23
10:07:32 PM     all     70.01      0.00     12.30      0.34      0.00     17.35
10:07:33 PM     all     68.35      0.00     11.78      1.68      0.00     18.18
10:07:34 PM     all     67.00      0.00     12.46      1.01      0.00     19.53
10:07:35 PM     all     67.28      0.00     12.11      0.00      0.00     20.61
10:07:36 PM     all     67.93      0.00     12.76      1.76      0.00     17.55
10:07:37 PM     all     67.73      0.00     12.10      0.67      0.00     19.50
10:07:38 PM     all     68.99      0.00     11.43      2.02      0.00     17.56
10:07:39 PM     all     69.10      0.00     11.98      0.75      0.00     18.17
10:07:40 PM     all     66.28      0.00     13.02      2.17      0.00     18.53
10:07:41 PM     all     66.53      0.00     12.50      0.76      0.00     20.22
10:07:42 PM     all     67.79      0.00     11.49      0.08      0.00     20.64
10:07:43 PM     all     69.50      0.00     12.52      1.26      0.00     16.72
10:07:44 PM     all     69.28      0.00     11.60      0.25      0.00     18.86
10:07:45 PM     all     19.80      0.00      2.68      5.37      0.00     72.15
10:07:46 PM     all     66.50      0.00     10.97      3.43      0.00     19.10
10:07:47 PM     all     64.98      0.00     12.74      4.14      0.00     18.14
10:07:48 PM     all     66.24      0.00     12.24      1.35      0.00     20.17
10:07:49 PM     all     69.85      0.00     10.80      0.25      0.00     19.10
10:07:50 PM     all     70.91      0.00     11.72      0.00      0.00     17.37
10:07:51 PM     all     70.97      0.00      9.73      1.43      0.00     17.87
10:07:52 PM     all     71.27      0.00      9.38      0.84      0.00     18.51
10:07:53 PM     all     68.65      0.00     11.37      0.92      0.00     19.06
10:07:54 PM     all     69.99      0.00     11.57      0.59      0.00     17.85
10:07:55 PM     all     69.65      0.00     11.87      0.00      0.00     18.48
10:07:56 PM     all     68.82      0.00     11.26      2.35      0.00     17.56
10:07:57 PM     all     69.30      0.00     10.09      0.00      0.00     20.61
10:07:58 PM     all     71.26      0.00     10.08      2.10      0.00     16.55
10:07:59 PM     all     70.43      0.00     10.03      0.67      0.00     18.88
10:08:00 PM     all     62.95      0.00      8.38      1.93      0.00     26.74
10:08:01 PM     all     34.78      0.00      1.25      5.69      0.00     58.28
10:08:02 PM     all     20.59      0.00      1.00      6.36      0.00     72.05
10:08:03 PM     all     63.59      0.00     12.08      1.17      0.00     23.15
10:08:04 PM     all     67.57      0.00     12.30      1.43      0.00     18.70
10:08:05 PM     all     70.01      0.00     11.78      0.08      0.00     18.13
10:08:06 PM     all     67.00      0.00     10.89      1.42      0.00     20.69
10:08:07 PM     all     68.51      0.00     10.97      0.67      0.00     19.85
10:08:08 PM     all     68.17      0.00     10.80      0.75      0.00     20.27
10:08:09 PM     all     67.98      0.00     11.90      0.92      0.00     19.20
10:08:10 PM     all     73.15      0.00      9.48      0.34      0.00     17.03
10:08:11 PM     all     67.03      0.00     13.31      1.84      0.00     17.82
10:08:12 PM     all     64.88      0.00     13.58      0.67      0.00     20.87
10:08:13 PM     all     71.65      0.00     10.21      0.51      0.00     17.64
10:08:14 PM     all     67.73      0.00     12.69      0.42      0.00     19.16
10:08:15 PM     all     69.98      0.00     11.71      0.00      0.00     18.31
10:08:16 PM     all     64.55      0.00     13.55      1.67      0.00     20.23
10:08:17 PM     all     33.47      0.00      4.96      5.30      0.00     56.27
10:08:18 PM     all     61.14      0.00     10.47      2.26      0.00     26.13
10:08:19 PM     all     67.26      0.00     11.70      0.00      0.00     21.04
10:08:20 PM     all     66.92      0.00     12.37      0.76      0.00     19.95
10:08:21 PM     all     68.39      0.00     11.93      3.59      0.00     16.10
10:08:22 PM     all     67.89      0.00     11.79      1.34      0.00     18.98
10:08:23 PM     all     66.39      0.00     15.05      5.02      0.00     13.55
10:08:24 PM     all     66.81      0.00     14.67      1.26      0.00     17.27
10:08:25 PM     all     69.54      0.00     11.13      0.00      0.00     19.33
10:08:26 PM     all     68.73      0.00      9.89      1.93      0.00     19.45
10:08:27 PM     all     71.13      0.00      9.93      0.00      0.00     18.94
10:08:28 PM     all     71.66      0.00      9.34      1.18      0.00     17.83
10:08:29 PM     all     70.43      0.00     10.28      0.51      0.00     18.79
10:08:30 PM     all     68.71      0.00     10.43      0.50      0.00     20.35
10:08:31 PM     all     75.04      0.00      8.71      0.00      0.00     16.25
10:08:32 PM     all     70.39      0.00      6.63      0.67      0.00     22.32
10:08:33 PM     all     41.99      0.00      1.00      3.17      0.00     53.84
10:08:34 PM     all     17.55      0.00      0.92      6.47      0.00     75.06
10:08:35 PM     all     44.64      0.00      5.11      3.85      0.00     46.40
10:08:36 PM     all     71.01      0.00     11.28      0.08      0.00     17.63
10:08:37 PM     all     68.20      0.00      9.90      1.68      0.00     20.22
10:08:38 PM     all     67.70      0.00     11.55      0.25      0.00     20.50
10:08:39 PM     all     69.22      0.00     10.85      1.26      0.00     18.67
10:08:40 PM     all     69.51      0.00     10.61      0.67      0.00     19.21
10:08:41 PM     all     67.23      0.00      9.35      0.67      0.00     22.75
10:08:42 PM     all     70.84      0.00     10.84      0.17      0.00     18.15
10:08:43 PM     all     67.20      0.00     12.28      0.67      0.00     19.85
10:08:44 PM     all     66.08      0.00     13.35      0.76      0.00     19.82
10:08:45 PM     all     70.21      0.00     11.22      0.00      0.00     18.57
10:08:46 PM     all     71.12      0.00     10.24      0.67      0.00     17.97
10:08:47 PM     all     69.52      0.00     11.42      0.42      0.00     18.64
10:08:48 PM     all     69.70      0.00     10.44      1.09      0.00     18.77
10:08:49 PM     all     60.25      0.00      8.19      1.60      0.00     29.96
10:08:50 PM     all     23.69      0.00      1.42      6.42      0.00     68.47
10:08:51 PM     all     48.87      0.00      6.68      3.68      0.00     40.77
10:08:52 PM     all     66.19      0.00     13.05      1.26      0.00     19.50
10:08:53 PM     all     65.58      0.00     14.07      3.52      0.00     16.83
10:08:54 PM     all     67.59      0.00     11.56      0.67      0.00     20.18
10:08:55 PM     all     67.36      0.00     10.88      0.84      0.00     20.92
10:08:56 PM     all     67.06      0.00     12.67      0.59      0.00     19.68
10:08:57 PM     all     67.59      0.00     12.73      1.26      0.00     18.43
10:08:58 PM     all     68.04      0.00     11.44      0.76      0.00     19.76
10:08:59 PM     all     63.51      0.00     12.89      1.42      0.00     22.18
10:09:00 PM     all     67.11      0.00     12.44      2.50      0.00     17.95
10:09:01 PM     all     70.86      0.00     10.74      0.25      0.00     18.15
10:09:02 PM     all     71.27      0.00     10.13      0.84      0.00     17.76
10:09:03 PM     all     68.74      0.00     11.29      0.93      0.00     19.04
10:09:04 PM     all     70.45      0.00      8.73      1.01      0.00     19.82
10:09:05 PM     all     64.83      0.00      8.60      3.76      0.00     22.81
10:09:06 PM     all     61.92      0.00      5.36      3.35      0.00     29.37
10:09:07 PM     all     71.44      0.00     10.45      1.94      0.00     16.18
10:09:08 PM     all     69.21      0.00      9.90      0.00      0.00     20.89
10:09:09 PM     all     71.61      0.00     10.13      0.84      0.00     17.42
10:09:10 PM     all     70.07      0.00      9.19      0.84      0.00     19.90
10:09:11 PM     all     70.52      0.00      9.71      1.01      0.00     18.75
10:09:12 PM     all     69.69      0.00     11.82      3.33      0.00     15.15
10:09:13 PM     all     69.57      0.00     11.99      2.60      0.00     15.84
10:09:14 PM     all     70.31      0.00     11.61      0.76      0.00     17.33
10:09:15 PM     all     68.48      0.00     11.79      0.67      0.00     19.06
10:09:16 PM     all     71.14      0.00     10.82      0.00      0.00     18.04
10:09:17 PM     all     70.05      0.00     10.32      1.09      0.00     18.54
10:09:18 PM     all     67.20      0.00     11.97      0.08      0.00     20.74
10:09:19 PM     all     69.46      0.00     11.24      1.59      0.00     17.70
10:09:20 PM     all     60.92      0.00      9.79      0.92      0.00     28.37
10:09:21 PM     all     31.24      0.00      0.67      2.26      0.00     65.83
10:09:22 PM     all     16.03      0.00      0.92      6.84      0.00     76.21
10:09:23 PM     all     36.07      0.00      7.63      3.52      0.00     52.77
10:09:24 PM     all     66.30      0.00     12.86      0.00      0.00     20.84
10:09:25 PM     all     66.92      0.00     11.22      0.00      0.00     21.86
10:09:26 PM     all     65.88      0.00     12.82      2.26      0.00     19.03
10:09:27 PM     all     68.01      0.00     12.79      1.77      0.00     17.42
10:09:28 PM     all     66.64      0.00     11.54      0.00      0.00     21.82
10:09:29 PM     all     69.22      0.00     12.43      1.67      0.00     16.68
10:09:30 PM     all     67.25      0.00     12.47      0.75      0.00     19.53
10:09:31 PM     all     68.48      0.00     11.65      0.92      0.00     18.94
10:09:32 PM     all     69.77      0.00     11.89      0.00      0.00     18.34
10:09:33 PM     all     67.50      0.00     11.47      0.59      0.00     20.44
10:09:34 PM     all     69.35      0.00     11.67      0.00      0.00     18.98
10:09:35 PM     all     65.91      0.00     13.69      1.34      0.00     19.06
10:09:36 PM     all     71.32      0.00      9.36      0.00      0.00     19.31
10:09:37 PM     all     72.21      0.00      7.22      1.34      0.00     19.23
10:09:38 PM     all     43.91      0.00      0.75      5.43      0.00     49.92
10:09:39 PM     all     58.70      0.00      6.61      2.34      0.00     32.36
10:09:40 PM     all     71.20      0.00     10.16      0.76      0.00     17.88
10:09:41 PM     all     70.34      0.00     10.86      0.58      0.00     18.21
10:09:42 PM     all     68.91      0.00     12.18      1.43      0.00     17.48
10:09:43 PM     all     67.23      0.00     10.36      2.19      0.00     20.22
10:09:44 PM     all     68.68      0.00     11.34      0.42      0.00     19.56
10:09:45 PM     all     70.30      0.00      9.90      0.00      0.00     19.80
10:09:46 PM     all     67.42      0.00     11.75      0.67      0.00     20.15
10:09:47 PM     all     69.49      0.00     11.74      0.08      0.00     18.69
10:09:48 PM     all     71.08      0.00     11.32      2.01      0.00     15.59
10:09:49 PM     all     71.25      0.00     10.39      0.00      0.00     18.36
10:09:50 PM     all     68.06      0.00     13.13      1.34      0.00     17.47
10:09:51 PM     all     71.97      0.00     10.79      0.42      0.00     16.82
10:09:52 PM     all     67.56      0.00     11.26      1.26      0.00     19.92
10:09:53 PM     all     62.75      0.00      8.05      1.34      0.00     27.85
10:09:54 PM     all     29.84      0.00      1.59      5.03      0.00     63.54
10:09:55 PM     all     14.99      0.00      1.51      6.78      0.00     76.72
10:09:56 PM     all     18.60      0.00      3.34      6.01      0.00     72.06
10:09:57 PM     all     65.40      0.00     13.64      0.42      0.00     20.54
10:09:58 PM     all     65.24      0.00     10.19      0.59      0.00     23.99
10:09:59 PM     all     68.69      0.00     11.70      1.43      0.00     18.18
10:10:00 PM     all     68.48      0.00     12.07      1.76      0.00     17.69
10:10:01 PM     all     68.49      0.00     11.93      1.26      0.00     18.32
10:10:02 PM     all     67.76      0.00     12.09      1.68      0.00     18.47
10:10:03 PM     all     68.76      0.00     10.97      0.00      0.00     20.27
10:10:04 PM     all     62.43      0.00     13.89      2.34      0.00     21.34
10:10:05 PM     all     70.77      0.00     10.64      0.17      0.00     18.43
10:10:06 PM     all     67.14      0.00     11.90      0.84      0.00     20.12
10:10:07 PM     all     68.07      0.00     12.72      0.84      0.00     18.37
10:10:08 PM     all     67.00      0.00     12.40      0.50      0.00     20.10
10:10:09 PM     all     69.35      0.00     10.92      0.84      0.00     18.89
10:10:10 PM     all     73.03      0.00      9.38      1.93      0.00     15.66
10:10:11 PM     all     50.88      0.00      3.17      2.67      0.00     43.27
10:10:12 PM     all     28.21      0.00      1.25      5.93      0.00     64.61
10:10:13 PM     all     66.02      0.00     12.00      4.36      0.00     17.62
10:10:14 PM     all     66.55      0.00     13.61      2.69      0.00     17.14
10:10:15 PM     all     66.13      0.00     12.89      0.84      0.00     20.13
10:10:16 PM     all     66.47      0.00     11.54      0.08      0.00     21.91
10:10:17 PM     all     64.74      0.00     12.65      1.09      0.00     21.52
10:10:18 PM     all     65.99      0.00     12.88      0.25      0.00     20.88
10:10:19 PM     all     67.03      0.00     11.91      1.26      0.00     19.80
10:10:20 PM     all     69.35      0.00     12.01      1.18      0.00     17.46
10:10:21 PM     all     65.61      0.00     12.35      0.75      0.00     21.29
10:10:22 PM     all     70.70      0.00      9.74      1.60      0.00     17.97
10:10:23 PM     all     67.93      0.00     12.43      1.09      0.00     18.56
10:10:24 PM     all     68.09      0.00     10.83      0.00      0.00     21.07
10:10:25 PM     all     66.53      0.00     10.27      2.25      0.00     20.95
10:10:26 PM     all     69.46      0.00     11.76      1.18      0.00     17.60
10:10:27 PM     all     43.54      0.00      5.37      5.03      0.00     46.06
10:10:28 PM     all     68.99      0.00     11.43      0.42      0.00     19.16
10:10:29 PM     all     67.92      0.00     12.98      0.25      0.00     18.84
10:10:30 PM     all     70.16      0.00     11.32      1.76      0.00     16.76
10:10:31 PM     all     60.69      0.00     13.80      2.95      0.00     22.56
10:10:32 PM     all     64.98      0.00     12.12      1.35      0.00     21.55
10:10:33 PM     all     68.01      0.00     11.62      0.84      0.00     19.53
10:10:34 PM     all     66.00      0.00     13.53      0.00      0.00     20.47
10:10:35 PM     all     67.55      0.00     13.39      1.83      0.00     17.22
10:10:36 PM     all     70.08      0.00     11.60      0.84      0.00     17.48
10:10:37 PM     all     68.65      0.00     11.90      0.34      0.00     19.11
10:10:38 PM     all     66.64      0.00     11.65      1.26      0.00     20.45
10:10:39 PM     all     66.86      0.00     11.13      0.59      0.00     21.42
10:10:40 PM     all     70.88      0.00     10.27      0.42      0.00     18.43
10:10:41 PM     all     75.21      0.00      6.95      0.50      0.00     17.34
10:10:42 PM     all     71.94      0.00      4.44      0.00      0.00     23.62
10:10:43 PM     all     42.37      0.00      1.00      4.09      0.00     52.54
10:10:44 PM     all     54.64      0.00      6.61      2.34      0.00     36.40
10:10:45 PM     all     69.83      0.00     11.85      2.52      0.00     15.80
10:10:46 PM     all     69.35      0.00     11.14      3.10      0.00     16.42
10:10:47 PM     all     67.03      0.00     12.20      2.02      0.00     18.76
10:10:48 PM     all     70.19      0.00     10.08      0.00      0.00     19.73
10:10:49 PM     all     68.74      0.00     10.50      1.34      0.00     19.41
10:10:50 PM     all     69.94      0.00      9.24      0.08      0.00     20.74
10:10:51 PM     all     67.93      0.00     11.78      0.84      0.00     19.44
10:10:52 PM     all     70.94      0.00      9.21      0.42      0.00     19.43
10:10:53 PM     all     66.97      0.00     10.39      1.26      0.00     21.37
10:10:54 PM     all     69.51      0.00     11.56      0.25      0.00     18.68
10:10:55 PM     all     70.57      0.00      9.20      1.42      0.00     18.81
10:10:56 PM     all     68.45      0.00     10.93      1.25      0.00     19.37
10:10:57 PM     all     69.44      0.00     10.10      0.59      0.00     19.87
10:10:58 PM     all     64.18      0.00     11.66      1.51      0.00     22.65
10:10:59 PM     all     24.40      0.00      1.08      6.00      0.00     68.53
10:11:00 PM     all     11.20      0.00      1.00      6.69      0.00     81.10
10:11:01 PM     all      8.10      0.00      1.09      6.09      0.00     84.72
10:11:02 PM     all     56.46      0.00      8.89      2.27      0.00     32.38
10:11:03 PM     all     66.36      0.00     12.02      0.83      0.00     20.78
10:11:04 PM     all     67.87      0.00     10.93      1.01      0.00     20.19
10:11:05 PM     all     67.36      0.00     12.22      0.84      0.00     19.58
10:11:06 PM     all     68.43      0.00     11.98      0.50      0.00     19.10
10:11:07 PM     all     68.15      0.00     12.07      0.34      0.00     19.45
10:11:08 PM     all     70.23      0.00     10.62      0.00      0.00     19.15
10:11:09 PM     all     67.56      0.00     13.45      1.51      0.00     17.48
10:11:10 PM     all     70.22      0.00     11.74      0.25      0.00     17.79
10:11:11 PM     all     64.86      0.00     12.27      1.59      0.00     21.29
10:11:12 PM     all     68.43      0.00     11.34      0.25      0.00     19.98
10:11:13 PM     all     66.86      0.00     11.63      0.42      0.00     21.09
10:11:14 PM     all     69.50      0.00     10.36      0.67      0.00     19.46
10:11:15 PM     all     68.06      0.00     11.18      5.17      0.00     15.60
10:11:16 PM     all     72.04      0.00     10.10      1.59      0.00     16.28
10:11:17 PM     all     70.90      0.00     10.18      1.77      0.00     17.16
10:11:18 PM     all     70.84      0.00     10.19      0.00      0.00     18.96
10:11:19 PM     all     66.69      0.00     10.13      1.51      0.00     21.67
10:11:20 PM     all     69.68      0.00     11.31      0.00      0.00     19.01
10:11:21 PM     all     69.14      0.00     10.71      1.43      0.00     18.72
10:11:22 PM     all     71.75      0.00      9.97      0.00      0.00     18.27
10:11:23 PM     all     64.96      0.00      7.73      1.09      0.00     26.22
10:11:24 PM     all     35.58      0.00      1.25      3.17      0.00     60.00
10:11:25 PM     all     46.85      0.00      9.91      4.03      0.00     39.21
10:11:26 PM     all     63.59      0.00     13.76      3.78      0.00     18.88
10:11:27 PM     all     66.22      0.00     11.71      0.08      0.00     21.99
10:11:28 PM     all     67.06      0.00     12.41      1.51      0.00     19.03
10:11:29 PM     all     67.90      0.00     11.37      0.25      0.00     20.47
10:11:30 PM     all     68.96      0.00     12.08      2.94      0.00     16.02
10:11:31 PM     all     68.26      0.00     10.75      0.00      0.00     20.99
10:11:32 PM     all     69.21      0.00      9.96      1.09      0.00     19.75
10:11:33 PM     all     61.39      0.00     12.06      2.26      0.00     24.29
10:11:34 PM     all     67.20      0.00     11.61      0.42      0.00     20.77
10:11:35 PM     all     70.31      0.00     11.19      0.42      0.00     18.08
10:11:36 PM     all     69.83      0.00     10.50      1.34      0.00     18.32
10:11:37 PM     all     70.82      0.00      9.87      0.00      0.00     19.31
10:11:38 PM     all     69.30      0.00     11.16      1.51      0.00     18.04
10:11:39 PM     all     64.11      0.00     10.60      3.76      0.00     21.54
10:11:40 PM     all     52.38      0.00      7.69      3.01      0.00     36.93
10:11:41 PM     all     70.70      0.00     10.50      0.08      0.00     18.72
10:11:42 PM     all     70.17      0.00     10.84      0.59      0.00     18.40
10:11:43 PM     all     67.87      0.00     11.21      0.25      0.00     20.67
10:11:44 PM     all     69.00      0.00     11.37      1.10      0.00     18.53
10:11:45 PM     all     70.10      0.00     11.73      2.76      0.00     15.41
10:11:46 PM     all     64.77      0.00      9.37      4.94      0.00     20.92
10:11:47 PM     all     70.86      0.00      9.74      1.26      0.00     18.14
10:11:48 PM     all     71.17      0.00      9.30      1.59      0.00     17.94
10:11:49 PM     all     69.69      0.00      9.74      0.84      0.00     19.73
10:11:50 PM     all     66.95      0.00      7.70      1.09      0.00     24.27
10:11:51 PM     all     71.72      0.00      9.79      0.08      0.00     18.41
10:11:52 PM     all     70.81      0.00     10.68      1.42      0.00     17.10
10:11:53 PM     all     66.11      0.00      8.70      1.34      0.00     23.85
10:11:54 PM     all     70.64      0.00      9.34      1.33      0.00     18.68
10:11:55 PM     all     56.62      0.00      5.16      1.08      0.00     37.14
10:11:56 PM     all     33.50      0.00      0.84      6.85      0.00     58.81
10:11:57 PM     all     58.21      0.00      9.86      5.98      0.00     25.95
10:11:58 PM     all     67.17      0.00     12.78      2.76      0.00     17.29
10:11:59 PM     all     63.80      0.00      9.93      0.00      0.00     26.26
10:12:00 PM     all     65.83      0.00     11.47      1.09      0.00     21.61
10:12:01 PM     all     66.00      0.00     12.98      2.01      0.00     19.01
10:12:02 PM     all     27.92      0.00      0.42      0.25      0.00     71.42
10:12:03 PM     all     25.50      0.00      0.17      0.08      0.00     74.25
10:12:04 PM     all     13.00      0.00      0.67      7.08      0.00     79.25
10:12:05 PM     all     11.56      0.00      0.25      1.00      0.00     87.19
10:12:06 PM     all      9.76      0.00      0.25      0.00      0.00     89.99
10:12:07 PM     all     10.95      0.00      0.17      0.00      0.00     88.88
10:12:08 PM     all     10.63      0.00      0.25      0.00      0.00     89.12
10:12:09 PM     all      9.95      0.00      0.08      0.00      0.00     89.97
10:12:10 PM     all     11.15      0.00      0.17      0.50      0.00     88.19
10:12:11 PM     all      9.77      0.00      3.84      0.33      0.00     86.06
10:12:12 PM     all     15.11      0.00      3.19      0.00      0.00     81.70
10:12:13 PM     all     15.16      0.00      2.26      0.00      0.00     82.58
10:12:14 PM     all     17.26      0.00      2.44      0.00      0.00     80.30
10:12:15 PM     all     15.60      0.00      2.09      1.42      0.00     80.90
10:12:16 PM     all     14.21      0.00      2.34      8.70      0.00     74.75
10:12:17 PM     all     14.98      0.00      2.43      0.00      0.00     82.59
10:12:18 PM     all     15.97      0.00      1.51      0.00      0.00     82.52
10:12:19 PM     all     16.09      0.00      1.51      0.00      0.00     82.40
10:12:20 PM     all     17.14      0.00      0.76      1.34      0.00     80.76
10:12:21 PM     all     13.67      0.00      0.84      0.67      0.00     84.82
10:12:22 PM     all     14.02      0.00      0.76      0.00      0.00     85.22
10:12:23 PM     all     14.82      0.00      0.76      0.00      0.00     84.42
10:12:24 PM     all     16.07      0.00      0.85      0.00      0.00     83.08
10:12:25 PM     all     14.71      0.00      0.85      0.08      0.00     84.36
10:12:26 PM     all     13.03      0.00      0.59      0.17      0.00     86.22
10:12:27 PM     all     14.30      0.00      0.67      0.00      0.00     85.03
10:12:28 PM     all     12.28      0.00      0.84      0.00      0.00     86.88
10:12:29 PM     all     14.51      0.00      1.34      0.00      0.00     84.14
10:12:30 PM     all     12.84      0.00      1.26      0.00      0.00     85.91
10:12:31 PM     all     13.26      0.00      0.76      4.14      0.00     81.84
10:12:32 PM     all      1.53      0.00      0.76      7.64      0.00     90.07
10:12:33 PM     all     16.86      0.00      0.76      0.00      0.00     82.38
10:12:34 PM     all     17.39      0.00      0.92      0.00      0.00     81.68
10:12:35 PM     all     21.34      0.00      0.67      0.00      0.00     77.99
10:12:36 PM     all     13.46      0.00      0.50      0.00      0.00     86.04
10:12:37 PM     all     13.01      0.00      0.67      1.60      0.00     84.72
10:12:38 PM     all     14.35      0.00      0.92      0.00      0.00     84.73
10:12:39 PM     all     14.82      0.00      0.85      0.00      0.00     84.34
10:12:40 PM     all     15.28      0.00      0.84      0.08      0.00     83.80
10:12:41 PM     all     13.07      0.00      1.01      0.17      0.00     85.75
10:12:42 PM     all     12.21      0.00      0.84      0.17      0.00     86.78
10:12:43 PM     all     13.16      0.00      0.75      0.00      0.00     86.09
10:12:44 PM     all     13.11      0.00      0.92      0.00      0.00     85.97
10:12:45 PM     all     16.76      0.00      1.68      0.00      0.00     81.56
10:12:46 PM     all     17.06      0.00      0.59      0.00      0.00     82.35
10:12:47 PM     all      9.04      0.00      0.68      6.76      0.00     83.52
10:12:48 PM     all      7.85      0.00      1.18      8.95      0.00     82.01
10:12:49 PM     all      8.76      0.00      2.17      2.92      0.00     86.16
10:12:50 PM     all      7.90      0.00      0.84      0.00      0.00     91.26
10:12:51 PM     all      9.24      0.00      0.50      0.08      0.00     90.18
10:12:52 PM     all      9.25      0.00      0.50      0.00      0.00     90.24
10:12:53 PM     all      8.31      0.00      0.67      0.00      0.00     91.02
10:12:54 PM     all      9.76      0.00      0.42      0.17      0.00     89.65
10:12:55 PM     all      8.49      0.00      0.50      0.00      0.00     91.01
10:12:56 PM     all      8.66      0.00      0.42      0.00      0.00     90.92
10:12:57 PM     all      8.33      0.00      0.50      0.00      0.00     91.17
10:12:58 PM     all      9.01      0.00      0.42      0.00      0.00     90.56
10:12:59 PM     all      9.24      0.00      0.42      0.25      0.00     90.08
10:13:00 PM     all      9.18      0.00      1.09      0.00      0.00     89.73
10:13:01 PM     all      8.64      0.00      1.09      4.53      0.00     85.74
10:13:02 PM     all      7.05      0.00      1.68      6.46      0.00     84.82
10:13:03 PM     all      7.11      0.00      1.76      0.00      0.00     91.14
10:13:04 PM     all      8.91      0.00      0.76      0.08      0.00     90.25
10:13:05 PM     all      8.50      0.00      0.51      0.00      0.00     90.99
10:13:06 PM     all      8.57      0.00      0.42      0.00      0.00     91.01
10:13:07 PM     all      8.67      0.00      0.59      0.00      0.00     90.74
10:13:08 PM     all      8.33      0.00      0.59      0.08      0.00     91.00
10:13:09 PM     all      9.01      0.00      0.51      1.18      0.00     89.31
10:13:10 PM     all      8.92      0.00      0.50      0.00      0.00     90.58
10:13:11 PM     all      8.44      0.00      0.68      0.00      0.00     90.89
10:13:12 PM     all      9.61      0.00      0.67      0.08      0.00     89.63
10:13:13 PM     all      7.27      0.00      1.51      0.08      0.00     91.14
10:13:14 PM     all      7.20      0.00      1.67      0.00      0.00     91.13
10:13:15 PM     all      8.88      0.00      1.34      0.00      0.00     89.78
10:13:16 PM     all      8.49      0.00      0.50      0.00      0.00     91.01
10:13:17 PM     all      8.66      0.00      0.76      0.08      0.00     90.50
10:13:18 PM     all      8.48      0.00      0.67      0.08      0.00     90.76
10:13:19 PM     all      8.42      0.00      0.59      0.17      0.00     90.82
10:13:20 PM     all      8.82      0.00      0.59      0.00      0.00     90.60
10:13:21 PM     all      8.33      0.00      0.59      0.00      0.00     91.08
10:13:22 PM     all     10.03      0.00      0.76      0.00      0.00     89.22
10:13:23 PM     all      8.49      0.00      0.42      0.08      0.00     91.01
10:13:24 PM     all      8.31      0.00      0.76      0.34      0.00     90.60
10:13:25 PM     all      8.59      0.00      0.51      0.00      0.00     90.91
10:13:26 PM     all      8.41      0.00      0.59      0.00      0.00     91.00
10:13:27 PM     all      8.75      0.00      0.50      0.00      0.00     90.75
10:13:28 PM     all     10.26      0.00      0.59      0.17      0.00     88.98
10:13:29 PM     all      8.51      0.00      0.42      0.08      0.00     90.99
10:13:30 PM     all      9.65      0.00      0.67      0.08      0.00     89.60
10:13:31 PM     all      8.42      0.00      0.42      0.59      0.00     90.57
10:13:32 PM     all      8.92      0.00      0.59      0.00      0.00     90.50
10:13:33 PM     all      8.56      0.00      0.42      0.00      0.00     91.02
10:13:34 PM     all      8.33      0.00      1.09      0.17      0.00     90.41
10:13:35 PM     all      9.79      0.00      2.93      0.08      0.00     87.20
10:13:36 PM     all      7.19      0.00      1.59      0.00      0.00     91.22
10:13:37 PM     all      7.53      0.00      1.25      0.00      0.00     91.22
10:13:38 PM     all      8.21      0.00      1.51      0.00      0.00     90.28
10:13:39 PM     all      8.41      0.00      0.67      6.14      0.00     84.78
10:13:40 PM     all      8.42      0.00      0.67      8.50      0.00     82.41
10:13:41 PM     all      9.34      0.00      0.50      2.27      0.00     87.89
10:13:42 PM     all      8.66      0.00      0.59      0.00      0.00     90.75
10:13:43 PM     all      9.43      0.00      0.25      0.00      0.00     90.32
10:13:44 PM     all      8.40      0.00      0.59      0.08      0.00     90.92
10:13:45 PM     all      9.92      0.00      0.34      0.00      0.00     89.74
10:13:46 PM     all      9.07      0.00      0.34      0.08      0.00     90.51
10:13:47 PM     all      8.41      0.00      0.67      0.08      0.00     90.83
10:13:48 PM     all     10.77      0.00      0.50      0.00      0.00     88.73
10:13:49 PM     all      8.42      0.00      0.51      0.08      0.00     90.99
10:13:50 PM     all      8.50      0.00      0.51      0.00      0.00     90.99
10:13:51 PM     all      8.41      0.00      0.50      0.17      0.00     90.92
10:13:52 PM     all      9.43      0.00      0.51      0.08      0.00     89.98
10:13:53 PM     all      8.16      0.00      1.18      0.00      0.00     90.66
10:13:54 PM     all      8.14      0.00      0.92      0.00      0.00     90.93
10:13:55 PM     all      8.16      0.00      0.84      0.00      0.00     90.99
10:13:56 PM     all      8.07      0.00      0.76      0.17      0.00     91.00
10:13:57 PM     all      8.49      0.00      0.50      0.08      0.00     90.92
10:13:58 PM     all      9.53      0.00      0.34      0.00      0.00     90.13
10:13:59 PM     all      8.50      0.00      0.42      0.00      0.00     91.08
10:14:00 PM     all      8.76      0.00      0.42      0.00      0.00     90.82
10:14:01 PM     all      8.49      0.00      0.42      0.17      0.00     90.92
10:14:02 PM     all      8.42      0.00      0.34      0.17      0.00     91.07
10:14:03 PM     all      9.57      0.00      1.09      0.00      0.00     89.34
10:14:04 PM     all      7.53      0.00      1.84      0.00      0.00     90.63
10:14:05 PM     all      7.98      0.00      0.92      0.00      0.00     91.10
10:14:06 PM     all      8.58      0.00      0.42      0.25      0.00     90.75
10:14:07 PM     all      8.42      0.00      0.51      0.08      0.00     90.99
10:14:08 PM     all      8.99      0.00      0.42      0.00      0.00     90.59
10:14:09 PM     all      8.33      0.00      0.42      0.00      0.00     91.25
10:14:10 PM     all     10.78      0.00      2.02      1.68      0.00     85.51
10:14:11 PM     all      9.04      0.00      0.59      8.19      0.00     82.18
10:14:12 PM     all      8.33      0.00      0.76      9.34      0.00     81.58
10:14:13 PM     all     16.85      0.00      1.26      0.08      0.00     81.80
10:14:14 PM     all     21.37      0.00      1.17      0.00      0.00     77.45
10:14:15 PM     all     16.79      0.00      0.50      0.00      0.00     82.70
10:14:16 PM     all     16.16      0.00      1.26      0.00      0.00     82.58
10:14:17 PM     all     15.90      0.00      1.34      0.08      0.00     82.68
10:14:18 PM     all     15.66      0.00      0.59      0.08      0.00     83.67
10:14:19 PM     all     13.23      0.00      0.51      0.08      0.00     86.18
10:14:20 PM     all     14.86      0.00      0.92      0.00      0.00     84.21
10:14:21 PM     all     15.14      0.00      0.93      0.00      0.00     83.93
10:14:22 PM     all     15.20      0.00      0.84      0.17      0.00     83.80
10:14:23 PM     all     15.70      0.00      0.92      0.08      0.00     83.29
10:14:24 PM     all     13.60      0.00      1.34      0.00      0.00     85.05
10:14:25 PM     all     14.11      0.00      0.76      0.00      0.00     85.14
10:14:26 PM     all     13.35      0.00      1.01      0.00      0.00     85.64
10:14:27 PM     all     16.81      0.00      1.18      0.08      0.00     81.93
10:14:28 PM     all     16.47      0.00      1.10      0.00      0.00     82.43
10:14:29 PM     all     14.61      0.00      0.76      0.00      0.00     84.63
10:14:30 PM     all     14.70      0.00      0.59      0.00      0.00     84.71
10:14:31 PM     all     13.73      0.00      0.76      0.00      0.00     85.51
10:14:32 PM     all     13.62      0.00      0.67      0.17      0.00     85.53
10:14:33 PM     all     15.44      0.00      1.68      0.17      0.00     82.72
10:14:34 PM     all     15.23      0.00      1.92      0.00      0.00     82.85
10:14:35 PM     all     14.23      0.00      1.26      0.00      0.00     84.52
10:14:36 PM     all     15.43      0.00      0.84      0.00      0.00     83.73
10:14:37 PM     all     13.89      0.00      0.67      0.00      0.00     85.44
10:14:38 PM     all     15.29      0.00      0.50      0.50      0.00     83.70
10:14:39 PM     all     14.15      0.00      0.51      0.00      0.00     85.34
10:14:40 PM     all     16.74      0.00      1.78      0.00      0.00     81.49
10:14:41 PM     all     14.66      0.00      1.93      4.02      0.00     79.40
10:14:42 PM     all     13.82      0.00      2.43      9.13      0.00     74.62
10:14:43 PM     all     13.91      0.00      2.51      0.59      0.00     82.98
10:14:44 PM     all     14.55      0.00      2.59      0.00      0.00     82.86
10:14:45 PM     all     15.59      0.00      3.60      0.00      0.00     80.80
10:14:46 PM     all     16.29      0.00      2.34      0.00      0.00     81.37
10:14:47 PM     all     15.31      0.00      2.09      0.00      0.00     82.59
10:14:48 PM     all     15.66      0.00      2.09     14.57      0.00     67.67
10:14:49 PM     all     16.62      0.00      0.84     16.37      0.00     66.16
10:14:50 PM     all     12.29      0.00      0.76      5.22      0.00     81.73
10:14:51 PM     all     10.23      0.00      2.18      2.60      0.00     84.98
10:14:52 PM     all      9.17      0.00      5.17      0.00      0.00     85.65
10:14:53 PM     all      8.34      0.00      0.08      0.17      0.00     91.41
10:14:54 PM     all      9.33      0.00      0.17      0.00      0.00     90.51
10:14:55 PM     all      8.34      0.00      0.00      0.00      0.00     91.66
10:14:56 PM     all      9.60      0.00      0.00      0.00      0.00     90.40
10:14:57 PM     all      8.42      0.00      0.08      0.08      0.00     91.42
10:14:58 PM     all      8.34      0.00      0.08      0.08      0.00     91.49
10:14:59 PM     all      8.67      0.00      0.00      0.00      0.00     91.33
10:15:00 PM     all      9.00      0.00      0.08      0.00      0.00     90.92
10:15:01 PM     all      8.42      0.00      0.00      0.08      0.00     91.49
10:15:02 PM     all      8.51      0.00      0.08      0.08      0.00     91.32
10:15:03 PM     all      8.58      0.00      0.17      0.25      0.00     91.01
10:15:04 PM     all      9.42      0.00      0.00      0.00      0.00     90.58
10:15:05 PM     all      8.42      0.00      0.17      0.00      0.00     91.41
10:15:06 PM     all      8.76      0.00      0.08      0.08      0.00     91.07
10:15:07 PM     all      8.67      0.00      0.08      0.08      0.00     91.17
10:15:08 PM     all      9.83      0.00      0.00      0.08      0.00     90.08
10:15:09 PM     all      8.26      0.00      0.08      0.00      0.00     91.65
10:15:10 PM     all     10.59      0.00      0.08      0.00      0.00     89.32
10:15:11 PM     all     11.75      0.00      0.17      0.33      0.00     87.75
10:15:12 PM     all      8.58      0.00      0.00      0.08      0.00     91.33
10:15:13 PM     all      9.17      0.00      0.17      0.08      0.00     90.58
10:15:14 PM     all      8.68      0.00      0.00      0.00      0.00     91.32
10:15:15 PM     all     12.24      0.00      1.92      0.00      0.00     85.85
10:15:16 PM     all      8.49      0.00      0.08      0.08      0.00     91.34
10:15:17 PM     all      9.02      0.00      0.08      0.50      0.00     90.40
10:15:18 PM     all      8.60      0.00      0.33      8.60      0.00     82.47
10:15:19 PM     all      8.59      0.00      0.17      8.09      0.00     83.15
10:15:20 PM     all      8.35      0.00      0.17      6.34      0.00     85.14
10:15:21 PM     all      9.27      0.00      0.08      0.00      0.00     90.65
10:15:22 PM     all      8.33      0.00      0.17      0.00      0.00     91.51
10:15:23 PM     all      8.51      0.00      0.08      0.00      0.00     91.41
10:15:24 PM     all      8.33      0.00      0.08      0.00      0.00     91.58
10:15:25 PM     all     10.50      0.00      0.08      0.00      0.00     89.42
10:15:26 PM     all      3.92      0.00      1.00      3.67      0.00     91.40
10:15:27 PM     all      1.17      0.00      0.67      6.69      0.00     91.47
10:15:28 PM     all      3.00      0.00      0.17      0.17      0.00     96.66
10:15:29 PM     all      0.17      0.00      0.17      0.00      0.00     99.67
10:15:30 PM     all      0.08      0.00      0.08      0.00      0.00     99.83
10:15:31 PM     all      0.00      0.00      0.17      0.17      0.00     99.67
10:15:32 PM     all      0.08      0.00      0.08      0.00      0.00     99.83
10:15:33 PM     all      0.08      0.00      0.17      0.17      0.00     99.58
10:15:34 PM     all      0.00      0.00      0.08      0.00      0.00     99.92
10:15:35 PM     all      0.08      0.00      0.08      0.00      0.00     99.83
10:15:36 PM     all      0.08      0.00      0.17      0.00      0.00     99.75
10:15:37 PM     all      0.17      0.00      0.08      0.00      0.00     99.75
10:15:38 PM     all      0.08      0.00      0.17      0.08      0.00     99.67
10:15:39 PM     all      0.08      0.00      0.17      0.00      0.00     99.75
10:15:40 PM     all      0.08      0.00      0.08      0.00      0.00     99.83
10:15:41 PM     all      0.75      0.00      0.17      0.08      0.00     99.00
10:15:42 PM     all      0.00      0.00      0.17      0.00      0.00     99.83
10:15:43 PM     all      0.08      0.00      0.17      0.17      0.00     99.58
10:15:44 PM     all      0.17      0.00      0.17      0.00      0.00     99.67
10:15:45 PM     all      0.00      0.00      0.17      0.00      0.00     99.83
10:15:46 PM     all      0.08      0.00      0.08      0.00      0.00     99.83
10:15:47 PM     all      0.17      0.00      0.08      0.08      0.00     99.67
10:15:48 PM     all      0.00      0.00      0.08      0.08      0.00     99.83
10:15:49 PM     all      0.08      0.00      0.08      0.00      0.00     99.83
10:15:50 PM     all      0.08      0.00      0.17      0.00      0.00     99.75
10:15:51 PM     all      0.17      0.00      0.08      0.25      0.00     99.50
10:15:52 PM     all      0.00      0.00      0.08      0.00      0.00     99.92
10:15:53 PM     all      0.08      0.00      0.08      0.00      0.00     99.83
